{ 
    "_id" : ObjectId("5cd4fa963444ea2e8897a3d7"), 
    "user_id" : NumberInt(8001), 
    "movie_id" : NumberInt(2), 
    "timestamp" : ISODate("2019-05-10T04:00:08.000+0000"), 
    "__v" : NumberInt(0)
}
{ 
    "_id" : ObjectId("5cd5072f3a2a7b255053fbe9"), 
    "user_id" : NumberInt(8002), 
    "movie_id" : NumberInt(3115), 
    "timestamp" : ISODate("2019-05-10T05:05:59.000+0000"), 
    "__v" : NumberInt(0)
}
{ 
    "_id" : ObjectId("5cd5075e3a2a7b255053fbea"), 
    "user_id" : NumberInt(8002), 
    "movie_id" : NumberInt(3117), 
    "timestamp" : ISODate("2019-05-10T05:05:46.000+0000"), 
    "__v" : NumberInt(0)
}
{ 
    "_id" : ObjectId("5cd507613a2a7b255053fbeb"), 
    "user_id" : NumberInt(8002), 
    "movie_id" : NumberInt(3125), 
    "timestamp" : ISODate("2019-05-10T05:05:49.000+0000"), 
    "__v" : NumberInt(0)
}
{ 
    "_id" : ObjectId("5cd507653a2a7b255053fbec"), 
    "user_id" : NumberInt(8002), 
    "movie_id" : NumberInt(3124), 
    "timestamp" : ISODate("2019-05-10T05:05:53.000+0000"), 
    "__v" : NumberInt(0)
}
{ 
    "_id" : ObjectId("5cd5077a3a2a7b255053fbed"), 
    "user_id" : NumberInt(8002), 
    "movie_id" : NumberInt(3116), 
    "timestamp" : ISODate("2019-05-10T05:05:14.000+0000"), 
    "__v" : NumberInt(0)
}
{ 
    "_id" : ObjectId("5cd509b43a2a7b255053fbee"), 
    "user_id" : NumberInt(8002), 
    "movie_id" : NumberInt(3115), 
    "timestamp" : ISODate("2019-05-10T05:05:44.000+0000"), 
    "__v" : NumberInt(0)
}
{ 
    "_id" : ObjectId("5cd509d5ea5a9e21a44baee7"), 
    "user_id" : NumberInt(8002), 
    "movie_id" : NumberInt(3118), 
    "timestamp" : ISODate("2019-05-10T05:05:17.000+0000"), 
    "__v" : NumberInt(0)
}
{ 
    "_id" : ObjectId("5cd50a4a3a2a7b255053fbef"), 
    "user_id" : NumberInt(8002), 
    "movie_id" : NumberInt(3115), 
    "timestamp" : ISODate("2019-05-10T05:05:14.000+0000"), 
    "__v" : NumberInt(0)
}
{ 
    "_id" : ObjectId("5cd50a943a2a7b255053fbf0"), 
    "user_id" : NumberInt(8002), 
    "movie_id" : NumberInt(3126), 
    "timestamp" : ISODate("2019-05-10T05:05:28.000+0000"), 
    "__v" : NumberInt(0)
}
{ 
    "_id" : ObjectId("5cd50b053a2a7b255053fbf1"), 
    "user_id" : NumberInt(8002), 
    "movie_id" : NumberInt(3115), 
    "timestamp" : ISODate("2019-05-10T05:05:21.000+0000"), 
    "__v" : NumberInt(0)
}
{ 
    "_id" : ObjectId("5cd50c1f3a2a7b255053fbf2"), 
    "user_id" : NumberInt(8002), 
    "movie_id" : NumberInt(3115), 
    "timestamp" : ISODate("2019-05-10T05:05:03.000+0000"), 
    "__v" : NumberInt(0)
}
{ 
    "_id" : ObjectId("5cd50c4f3a2a7b255053fbf3"), 
    "user_id" : NumberInt(8002), 
    "movie_id" : NumberInt(3116), 
    "timestamp" : ISODate("2019-05-10T05:05:51.000+0000"), 
    "__v" : NumberInt(0)
}
{ 
    "_id" : ObjectId("5cd50c973a2a7b255053fbf4"), 
    "user_id" : NumberInt(8002), 
    "movie_id" : NumberInt(3115), 
    "timestamp" : ISODate("2019-05-10T05:05:03.000+0000"), 
    "__v" : NumberInt(0)
}
{ 
    "_id" : ObjectId("5cd50d573a2a7b255053fbf5"), 
    "user_id" : NumberInt(8002), 
    "movie_id" : NumberInt(3115), 
    "timestamp" : ISODate("2019-05-10T05:05:15.000+0000"), 
    "__v" : NumberInt(0)
}
{ 
    "_id" : ObjectId("5cd50d64ea5a9e21a44baee8"), 
    "user_id" : NumberInt(8002), 
    "movie_id" : NumberInt(3116), 
    "timestamp" : ISODate("2019-05-10T05:05:28.000+0000"), 
    "__v" : NumberInt(0)
}
{ 
    "_id" : ObjectId("5cd50db53a2a7b255053fbf6"), 
    "user_id" : NumberInt(8002), 
    "movie_id" : NumberInt(3121), 
    "timestamp" : ISODate("2019-05-10T05:05:49.000+0000"), 
    "__v" : NumberInt(0)
}
{ 
    "_id" : ObjectId("5cd50e323a2a7b255053fbf7"), 
    "user_id" : NumberInt(8002), 
    "movie_id" : NumberInt(3122), 
    "timestamp" : ISODate("2019-05-10T05:05:54.000+0000"), 
    "__v" : NumberInt(0)
}
{ 
    "_id" : ObjectId("5cd50e503a2a7b255053fbf8"), 
    "user_id" : NumberInt(80022), 
    "movie_id" : NumberInt(3128), 
    "timestamp" : ISODate("2019-05-10T05:05:24.000+0000"), 
    "__v" : NumberInt(0)
}
{ 
    "_id" : ObjectId("5cd50e9a3a2a7b255053fbf9"), 
    "user_id" : NumberInt(8002), 
    "movie_id" : NumberInt(3116), 
    "timestamp" : ISODate("2019-05-10T05:05:38.000+0000"), 
    "__v" : NumberInt(0)
}
{ 
    "_id" : ObjectId("5cd50edcea5a9e21a44baee9"), 
    "user_id" : NumberInt(8002), 
    "movie_id" : NumberInt(3116), 
    "timestamp" : ISODate("2019-05-10T05:05:44.000+0000"), 
    "__v" : NumberInt(0)
}
{ 
    "_id" : ObjectId("5cd50f903a2a7b255053fbfa"), 
    "user_id" : NumberInt(8002), 
    "movie_id" : NumberInt(3115), 
    "timestamp" : ISODate("2019-05-10T05:05:44.000+0000"), 
    "__v" : NumberInt(0)
}
{ 
    "_id" : ObjectId("5cd511343a2a7b255053fbfb"), 
    "user_id" : NumberInt(8002), 
    "movie_id" : NumberInt(3115), 
    "timestamp" : ISODate("2019-05-10T05:05:44.000+0000"), 
    "__v" : NumberInt(0)
}
{ 
    "_id" : ObjectId("5cd5114cea5a9e21a44baeea"), 
    "user_id" : NumberInt(8002), 
    "movie_id" : NumberInt(3116), 
    "timestamp" : ISODate("2019-05-10T05:05:08.000+0000"), 
    "__v" : NumberInt(0)
}
{ 
    "_id" : ObjectId("5cd511c83a2a7b255053fbfc"), 
    "user_id" : NumberInt(8002), 
    "movie_id" : NumberInt(3161), 
    "timestamp" : ISODate("2019-05-10T05:05:12.000+0000"), 
    "__v" : NumberInt(0)
}
{ 
    "_id" : ObjectId("5cd511ed3a2a7b255053fbfd"), 
    "user_id" : NumberInt(8002), 
    "movie_id" : NumberInt(3174), 
    "timestamp" : ISODate("2019-05-10T05:05:49.000+0000"), 
    "__v" : NumberInt(0)
}
{ 
    "_id" : ObjectId("5cdcb0215d40940a24261568"), 
    "user_id" : NumberInt(10), 
    "movie_id" : NumberInt(3115), 
    "timestamp" : ISODate("2019-05-16T00:05:41.000+0000"), 
    "__v" : NumberInt(0)
}
{ 
    "_id" : ObjectId("5cdcb0615d40940a24261569"), 
    "user_id" : NumberInt(10), 
    "movie_id" : NumberInt(3116), 
    "timestamp" : ISODate("2019-05-16T00:05:45.000+0000"), 
    "__v" : NumberInt(0)
}
{ 
    "_id" : ObjectId("5cdcb06d5d40940a2426156a"), 
    "user_id" : NumberInt(10), 
    "movie_id" : NumberInt(3117), 
    "timestamp" : ISODate("2019-05-16T00:05:57.000+0000"), 
    "__v" : NumberInt(0)
}
{ 
    "_id" : ObjectId("5cdcb07b5d40940a2426156b"), 
    "user_id" : NumberInt(10), 
    "movie_id" : NumberInt(3122), 
    "timestamp" : ISODate("2019-05-16T00:05:11.000+0000"), 
    "__v" : NumberInt(0)
}
{ 
    "_id" : ObjectId("5cdcb0b55d40940a2426156c"), 
    "user_id" : NumberInt(10), 
    "movie_id" : NumberInt(3121), 
    "timestamp" : ISODate("2019-05-16T00:05:09.000+0000"), 
    "__v" : NumberInt(0)
}
{ 
    "_id" : ObjectId("5cdcb0c45d40940a2426156d"), 
    "user_id" : NumberInt(10), 
    "movie_id" : NumberInt(3125), 
    "timestamp" : ISODate("2019-05-16T00:05:24.000+0000"), 
    "__v" : NumberInt(0)
}
{ 
    "_id" : ObjectId("5cdcb1265d40940a2426156e"), 
    "user_id" : NumberInt(11), 
    "movie_id" : NumberInt(3124), 
    "timestamp" : ISODate("2019-05-16T00:05:02.000+0000"), 
    "__v" : NumberInt(0)
}
{ 
    "_id" : ObjectId("5cdcb1e15d40940a2426156f"), 
    "user_id" : NumberInt(11), 
    "movie_id" : NumberInt(3127), 
    "timestamp" : ISODate("2019-05-16T00:05:09.000+0000"), 
    "__v" : NumberInt(0)
}
{ 
    "_id" : ObjectId("5cdcb2435d40940a24261570"), 
    "user_id" : NumberInt(11), 
    "movie_id" : NumberInt(3148), 
    "timestamp" : ISODate("2019-05-16T00:05:47.000+0000"), 
    "__v" : NumberInt(0)
}
{ 
    "_id" : ObjectId("5cdcb2da5d40940a24261571"), 
    "user_id" : NumberInt(11), 
    "movie_id" : NumberInt(15), 
    "timestamp" : ISODate("2019-05-16T00:05:18.000+0000"), 
    "__v" : NumberInt(0)
}
{ 
    "_id" : ObjectId("5cdcb2dc5d40940a24261572"), 
    "user_id" : NumberInt(11), 
    "movie_id" : NumberInt(20), 
    "timestamp" : ISODate("2019-05-16T00:05:20.000+0000"), 
    "__v" : NumberInt(0)
}
{ 
    "_id" : ObjectId("5cdcb2e15d40940a24261573"), 
    "user_id" : NumberInt(11), 
    "movie_id" : NumberInt(10), 
    "timestamp" : ISODate("2019-05-16T00:05:25.000+0000"), 
    "__v" : NumberInt(0)
}
{ 
    "_id" : ObjectId("5cdcb2e55d40940a24261574"), 
    "user_id" : NumberInt(11), 
    "movie_id" : NumberInt(23), 
    "timestamp" : ISODate("2019-05-16T00:05:29.000+0000"), 
    "__v" : NumberInt(0)
}
{ 
    "_id" : ObjectId("5cdcb2e95d40940a24261575"), 
    "user_id" : NumberInt(11), 
    "movie_id" : NumberInt(23), 
    "timestamp" : ISODate("2019-05-16T00:05:33.000+0000"), 
    "__v" : NumberInt(0)
}
{ 
    "_id" : ObjectId("5cdcb2f15d40940a24261576"), 
    "user_id" : NumberInt(11), 
    "movie_id" : NumberInt(10), 
    "timestamp" : ISODate("2019-05-16T00:05:41.000+0000"), 
    "__v" : NumberInt(0)
}
{ 
    "_id" : ObjectId("5cdcb30a5d40940a24261577"), 
    "user_id" : NumberInt(11), 
    "movie_id" : NumberInt(20), 
    "timestamp" : ISODate("2019-05-16T00:05:06.000+0000"), 
    "__v" : NumberInt(0)
}
{ 
    "_id" : ObjectId("5cdcb30b5d40940a24261578"), 
    "user_id" : NumberInt(11), 
    "movie_id" : NumberInt(23), 
    "timestamp" : ISODate("2019-05-16T00:05:07.000+0000"), 
    "__v" : NumberInt(0)
}
{ 
    "_id" : ObjectId("5cdcb30d5d40940a24261579"), 
    "user_id" : NumberInt(11), 
    "movie_id" : NumberInt(10), 
    "timestamp" : ISODate("2019-05-16T00:05:09.000+0000"), 
    "__v" : NumberInt(0)
}
{ 
    "_id" : ObjectId("5cdcb3165d40940a2426157a"), 
    "user_id" : NumberInt(11), 
    "movie_id" : NumberInt(10), 
    "timestamp" : ISODate("2019-05-16T00:05:18.000+0000"), 
    "__v" : NumberInt(0)
}
{ 
    "_id" : ObjectId("5cdcb3355d40940a2426157b"), 
    "user_id" : NumberInt(11), 
    "movie_id" : NumberInt(20), 
    "timestamp" : ISODate("2019-05-16T00:05:49.000+0000"), 
    "__v" : NumberInt(0)
}
{ 
    "_id" : ObjectId("5cdcb3395d40940a2426157c"), 
    "user_id" : NumberInt(11), 
    "movie_id" : NumberInt(15), 
    "timestamp" : ISODate("2019-05-16T00:05:53.000+0000"), 
    "__v" : NumberInt(0)
}
{ 
    "_id" : ObjectId("5cdcb3405d40940a2426157d"), 
    "user_id" : NumberInt(11), 
    "movie_id" : NumberInt(20), 
    "timestamp" : ISODate("2019-05-16T00:05:00.000+0000"), 
    "__v" : NumberInt(0)
}
{ 
    "_id" : ObjectId("5cdcb34d5d40940a2426157e"), 
    "user_id" : NumberInt(11), 
    "movie_id" : NumberInt(23), 
    "timestamp" : ISODate("2019-05-16T00:05:13.000+0000"), 
    "__v" : NumberInt(0)
}
