{ 
    "_id" : ObjectId("5ccf458c7439a41d70c86fde"), 
    "movie_id" : NumberInt(1), 
    "views" : NumberInt(100028)
}
{ 
    "_id" : ObjectId("5ccf458c7439a41d70c86fdf"), 
    "movie_id" : NumberInt(2), 
    "views" : NumberInt(100027)
}
{ 
    "_id" : ObjectId("5ccf458c7439a41d70c86fe0"), 
    "movie_id" : NumberInt(3), 
    "views" : NumberInt(100026)
}
{ 
    "_id" : ObjectId("5ccf458c7439a41d70c86fe1"), 
    "movie_id" : NumberInt(4), 
    "views" : NumberInt(100025)
}
{ 
    "_id" : ObjectId("5ccf458c7439a41d70c86fe2"), 
    "movie_id" : NumberInt(5), 
    "views" : NumberInt(100024)
}
{ 
    "_id" : ObjectId("5ccf458c7439a41d70c86fe3"), 
    "movie_id" : NumberInt(6), 
    "views" : NumberInt(100023)
}
{ 
    "_id" : ObjectId("5ccf458c7439a41d70c86fe4"), 
    "movie_id" : NumberInt(7), 
    "views" : NumberInt(100022)
}
{ 
    "_id" : ObjectId("5ccf458c7439a41d70c86fe5"), 
    "movie_id" : NumberInt(8), 
    "views" : NumberInt(100021)
}
{ 
    "_id" : ObjectId("5ccf458c7439a41d70c86fe6"), 
    "movie_id" : NumberInt(9), 
    "views" : NumberInt(100020)
}
{ 
    "_id" : ObjectId("5ccf458c7439a41d70c86fe7"), 
    "movie_id" : NumberInt(10), 
    "views" : NumberInt(100019)
}
{ 
    "_id" : ObjectId("5ccf458c7439a41d70c86fe8"), 
    "movie_id" : NumberInt(11), 
    "views" : NumberInt(100018)
}
{ 
    "_id" : ObjectId("5ccf458c7439a41d70c86fe9"), 
    "movie_id" : NumberInt(12), 
    "views" : NumberInt(100017)
}
{ 
    "_id" : ObjectId("5ccf458c7439a41d70c86fea"), 
    "movie_id" : NumberInt(13), 
    "views" : NumberInt(100016)
}
{ 
    "_id" : ObjectId("5ccf458c7439a41d70c86feb"), 
    "movie_id" : NumberInt(14), 
    "views" : NumberInt(100015)
}
{ 
    "_id" : ObjectId("5ccf458c7439a41d70c86fec"), 
    "movie_id" : NumberInt(15), 
    "views" : NumberInt(100014)
}
{ 
    "_id" : ObjectId("5ccf458c7439a41d70c86fed"), 
    "movie_id" : NumberInt(16), 
    "views" : NumberInt(100013)
}
{ 
    "_id" : ObjectId("5ccf458c7439a41d70c86fee"), 
    "movie_id" : NumberInt(17), 
    "views" : NumberInt(100012)
}
{ 
    "_id" : ObjectId("5ccf458c7439a41d70c86fef"), 
    "movie_id" : NumberInt(18), 
    "views" : NumberInt(100011)
}
{ 
    "_id" : ObjectId("5ccf458c7439a41d70c86ff0"), 
    "movie_id" : NumberInt(19), 
    "views" : NumberInt(100010)
}
{ 
    "_id" : ObjectId("5ccf458c7439a41d70c86ff1"), 
    "movie_id" : NumberInt(20), 
    "views" : NumberInt(100009)
}
{ 
    "_id" : ObjectId("5ccf458c7439a41d70c86ff2"), 
    "movie_id" : NumberInt(21), 
    "views" : NumberInt(100008)
}
{ 
    "_id" : ObjectId("5ccf458c7439a41d70c86ff3"), 
    "movie_id" : NumberInt(22), 
    "views" : NumberInt(100007)
}
{ 
    "_id" : ObjectId("5ccf458c7439a41d70c86ff4"), 
    "movie_id" : NumberInt(23), 
    "views" : NumberInt(100006)
}
{ 
    "_id" : ObjectId("5ccf458c7439a41d70c86ff5"), 
    "movie_id" : NumberInt(24), 
    "views" : NumberInt(100005)
}
{ 
    "_id" : ObjectId("5ccf458c7439a41d70c86ff6"), 
    "movie_id" : NumberInt(25), 
    "views" : NumberInt(100004)
}
{ 
    "_id" : ObjectId("5ccf458c7439a41d70c86ff7"), 
    "movie_id" : NumberInt(26), 
    "views" : NumberInt(100003)
}
{ 
    "_id" : ObjectId("5ccf458c7439a41d70c86ff8"), 
    "movie_id" : NumberInt(27), 
    "views" : NumberInt(100002)
}
{ 
    "_id" : ObjectId("5ccf458c7439a41d70c86ff9"), 
    "movie_id" : NumberInt(28), 
    "views" : NumberInt(100001)
}
{ 
    "_id" : ObjectId("5ccf458c7439a41d70c86ffa"), 
    "movie_id" : NumberInt(29), 
    "views" : NumberInt(100000)
}
