{ "_id" : { "$oid" : "5ccf46737439a41d70c87000" }, "movie_id" : 10, "avg_rating" : 5.0 }
{ "_id" : { "$oid" : "5ccf46737439a41d70c87001" }, "movie_id" : 11, "avg_rating" : 4.8 }
{ "_id" : { "$oid" : "5ccf46737439a41d70c87002" }, "movie_id" : 12, "avg_rating" : 4.7 }
{ "_id" : { "$oid" : "5ccf46737439a41d70c87003" }, "movie_id" : 13, "avg_rating" : 4.6 }
{ "_id" : { "$oid" : "5ccf46737439a41d70c87004" }, "movie_id" : 14, "avg_rating" : 4.4 }
{ "_id" : { "$oid" : "5ccf46737439a41d70c87005" }, "movie_id" : 15, "avg_rating" : 4.2 }
{ "_id" : { "$oid" : "5ccf46737439a41d70c87006" }, "movie_id" : 16, "avg_rating" : 4.2 }
{ "_id" : { "$oid" : "5ccf46737439a41d70c87007" }, "movie_id" : 17, "avg_rating" : 4.2 }
{ "_id" : { "$oid" : "5ccf46737439a41d70c87008" }, "movie_id" : 18, "avg_rating" : 4.0 }
{ "_id" : { "$oid" : "5ccf46737439a41d70c87009" }, "movie_id" : 19, "avg_rating" : 3.9 }
{ "_id" : { "$oid" : "5ccf46737439a41d70c8700a" }, "movie_id" : 20, "avg_rating" : 3.9 }
{ "_id" : { "$oid" : "5ccf46737439a41d70c8700b" }, "movie_id" : 21, "avg_rating" : 3.7 }
{ "_id" : { "$oid" : "5ccf46737439a41d70c8700c" }, "movie_id" : 22, "avg_rating" : 3.6 }
{ "_id" : { "$oid" : "5ccf46737439a41d70c8700d" }, "movie_id" : 23, "avg_rating" : 3.5 }
{ "_id" : { "$oid" : "5ccf46737439a41d70c8700e" }, "movie_id" : 24, "avg_rating" : 3.4 }
{ "_id" : { "$oid" : "5ccf46737439a41d70c8700f" }, "movie_id" : 25, "avg_rating" : 3.2 }
{ "_id" : { "$oid" : "5ccf46737439a41d70c87010" }, "movie_id" : 26, "avg_rating" : 3.1 }
{ "_id" : { "$oid" : "5ccf46737439a41d70c87011" }, "movie_id" : 27, "avg_rating" : 3.0 }
{ "_id" : { "$oid" : "5ccf46737439a41d70c87012" }, "movie_id" : 28, "avg_rating" : 3.0 }
{ "_id" : { "$oid" : "5ccf46737439a41d70c87013" }, "movie_id" : 29, "avg_rating" : 2.8 }
{ "_id" : { "$oid" : "5ccf46737439a41d70c87014" }, "movie_id" : 30, "avg_rating" : 2.7 }
