{ "_id" : { "$oid" : "5ccf458c7439a41d70c86fde" }, "movie_id" : 1, "views" : 100028 }
{ "_id" : { "$oid" : "5ccf458c7439a41d70c86fdf" }, "movie_id" : 2, "views" : 100027 }
{ "_id" : { "$oid" : "5ccf458c7439a41d70c86fe0" }, "movie_id" : 3, "views" : 100026 }
{ "_id" : { "$oid" : "5ccf458c7439a41d70c86fe1" }, "movie_id" : 4, "views" : 100025 }
{ "_id" : { "$oid" : "5ccf458c7439a41d70c86fe2" }, "movie_id" : 5, "views" : 100024 }
{ "_id" : { "$oid" : "5ccf458c7439a41d70c86fe3" }, "movie_id" : 6, "views" : 100023 }
{ "_id" : { "$oid" : "5ccf458c7439a41d70c86fe4" }, "movie_id" : 7, "views" : 100022 }
{ "_id" : { "$oid" : "5ccf458c7439a41d70c86fe5" }, "movie_id" : 8, "views" : 100021 }
{ "_id" : { "$oid" : "5ccf458c7439a41d70c86fe6" }, "movie_id" : 9, "views" : 100020 }
{ "_id" : { "$oid" : "5ccf458c7439a41d70c86fe7" }, "movie_id" : 10, "views" : 100019 }
{ "_id" : { "$oid" : "5ccf458c7439a41d70c86fe8" }, "movie_id" : 11, "views" : 100018 }
{ "_id" : { "$oid" : "5ccf458c7439a41d70c86fe9" }, "movie_id" : 12, "views" : 100017 }
{ "_id" : { "$oid" : "5ccf458c7439a41d70c86fea" }, "movie_id" : 13, "views" : 100016 }
{ "_id" : { "$oid" : "5ccf458c7439a41d70c86feb" }, "movie_id" : 14, "views" : 100015 }
{ "_id" : { "$oid" : "5ccf458c7439a41d70c86fec" }, "movie_id" : 15, "views" : 100014 }
{ "_id" : { "$oid" : "5ccf458c7439a41d70c86fed" }, "movie_id" : 16, "views" : 100013 }
{ "_id" : { "$oid" : "5ccf458c7439a41d70c86fee" }, "movie_id" : 17, "views" : 100012 }
{ "_id" : { "$oid" : "5ccf458c7439a41d70c86fef" }, "movie_id" : 18, "views" : 100011 }
{ "_id" : { "$oid" : "5ccf458c7439a41d70c86ff0" }, "movie_id" : 19, "views" : 100010 }
{ "_id" : { "$oid" : "5ccf458c7439a41d70c86ff1" }, "movie_id" : 20, "views" : 100009 }
{ "_id" : { "$oid" : "5ccf458c7439a41d70c86ff2" }, "movie_id" : 21, "views" : 100008 }
{ "_id" : { "$oid" : "5ccf458c7439a41d70c86ff3" }, "movie_id" : 22, "views" : 100007 }
{ "_id" : { "$oid" : "5ccf458c7439a41d70c86ff4" }, "movie_id" : 23, "views" : 100006 }
{ "_id" : { "$oid" : "5ccf458c7439a41d70c86ff5" }, "movie_id" : 24, "views" : 100005 }
{ "_id" : { "$oid" : "5ccf458c7439a41d70c86ff6" }, "movie_id" : 25, "views" : 100004 }
{ "_id" : { "$oid" : "5ccf458c7439a41d70c86ff7" }, "movie_id" : 26, "views" : 100003 }
{ "_id" : { "$oid" : "5ccf458c7439a41d70c86ff8" }, "movie_id" : 27, "views" : 100002 }
{ "_id" : { "$oid" : "5ccf458c7439a41d70c86ff9" }, "movie_id" : 28, "views" : 100001 }
{ "_id" : { "$oid" : "5ccf458c7439a41d70c86ffa" }, "movie_id" : 29, "views" : 100000 }
